Campaign,Impressions,Clicks,Cost,Conversions,Conv. value
ASELSAN_Search,86810,1924,128.02,281,21504.78
ASELSAN_Search,21289,3116,276.79,1116,51914.51
ASELSAN_Search,58302,620,137.21,55,4081.31
ASELSAN_Search,81907,534,1157.59,183,28086.48
ASELSAN_Search,74426,6973,503.25,2413,199932.09
ASELSAN_Search,116940,312,1536.91,20,3252.93
ASELSAN_Search,47597,2376,378.52,781,73377.26
ASELSAN_Search,15156,1656,265.7,352,50937.2
ASELSAN_Search,108791,811,1481.09,274,14718.45
ASELSAN_Search,52615,745,1139.92,185,25843.93
ASELSAN_Search,95349,1239,167.98,116,20518.43
ASELSAN_Search,13458,1851,526.96,103,10529.07
ROKETSAN_Search,62429,6077,392.3,1455,101568.22
ROKETSAN_Search,37993,5408,217.09,700,92040.6
ROKETSAN_Search,35087,1438,967.54,276,60170.6
ROKETSAN_Search,86886,11374,1149.34,2656,505016.79
ROKETSAN_Search,104711,1016,519.77,16,2927.34
ROKETSAN_Search,55581,4486,207.08,1161,228147.93
ROKETSAN_Search,44245,1841,1338.44,405,80226.37
ROKETSAN_Search,87259,7617,354.31,571,43886.62
ROKETSAN_Search,76579,8930,584.46,2394,266697.41
ROKETSAN_Search,79484,6643,775.03,566,71774.46
ROKETSAN_Search,14915,292,1733.32,19,2835.08
ROKETSAN_Search,106819,11249,890.55,520,53615.01
TUSAS_Search,81104,7768,1095.9,2266,438580.09
TUSAS_Search,4504,217,1388.88,68,11741.34
TUSAS_Search,103741,10601,733.14,2404,270703.38
TUSAS_Search,62470,153,1911.33,56,9337.4
TUSAS_Search,68612,3027,1054.75,217,42401.48
TUSAS_Search,42117,5334,1054.71,814,48058.12
TUSAS_Search,102943,2746,1115.61,1086,222101.95
TUSAS_Search,81504,5410,1018.12,458,94590.16
TUSAS_Search,118175,10176,539.75,986,194066.32
TUSAS_Search,13322,275,1485.26,104,4487.64
TUSAS_Search,102693,8827,1550.4,525,81560.14
TUSAS_Search,75063,2805,588.91,866,184656.27
TEI_Search,73686,3395,1448.86,817,178987.03
TEI_Search,88180,6218,921.15,2119,245342.84
TEI_Search,35493,1940,202.93,21,2977.35
TEI_Search,33161,4920,502.82,145,23851.02
TEI_Search,10716,568,209.41,8,1546.65
TEI_Search,12287,1152,536.97,342,41802.23
TEI_Search,73678,2267,1468.84,903,125063.86
TEI_Search,64953,4081,1586.47,833,55126.18
TEI_Search,15704,1865,760.25,420,49868.57
TEI_Search,98561,987,1372.86,330,16070.8
TEI_Search,55772,5659,1617.14,447,34528.38
TEI_Search,27931,2296,941.34,432,28020.7
BAYKAR_Search,63637,4192,1759.01,154,17586.01
BAYKAR_Search,115898,3308,177.13,1107,209051.68
BAYKAR_Search,15224,1068,399.32,248,30121.61
BAYKAR_Search,116331,13241,1812.69,1348,137502.6
BAYKAR_Search,54173,2272,1858.91,803,93510.63
BAYKAR_Search,58444,8073,377.21,1215,86706.25
BAYKAR_Search,10665,1286,1492.62,62,10671.15
BAYKAR_Search,10492,202,1201.62,64,13099.75
BAYKAR_Search,72615,2679,189.21,1040,47030.03
BAYKAR_Search,27356,380,1222.47,60,6403.04
BAYKAR_Search,119691,8167,1191.52,162,23924.56
BAYKAR_Search,57948,8665,687.43,1068,73488.28
HAVELSAN_Search,96872,5247,538.28,1621,88939.2
HAVELSAN_Search,87607,5015,957.87,1902,328768.79
HAVELSAN_Search,12508,119,959.91,36,7893.3
HAVELSAN_Search,12602,1201,489.26,135,7447.51
HAVELSAN_Search,48745,663,1768.2,189,15903.9
HAVELSAN_Search,60433,9000,1430.8,2505,543414.98
HAVELSAN_Search,108788,10814,1095.57,2452,507646.5
HAVELSAN_Search,16577,650,587.77,54,9237.2
HAVELSAN_Search,23374,1215,620.97,107,17799.06
HAVELSAN_Search,29685,2262,1050.39,257,51917.58
HAVELSAN_Search,113900,1764,257.21,433,81220.47
HAVELSAN_Search,8778,107,720.43,8,1208.41
STM_Defence_Search,37335,1423,1503.16,564,92539.32
STM_Defence_Search,76519,258,294.8,88,17753.69
STM_Defence_Search,74511,690,1682.42,75,8374.46
STM_Defence_Search,8482,731,780.13,20,4015.91
STM_Defence_Search,30535,2144,1360.51,362,64516.4
STM_Defence_Search,118885,13416,1949.77,1266,260663.23
STM_Defence_Search,34029,1431,1954.32,181,35741.9
STM_Defence_Search,6248,283,1494.2,42,7503.44
STM_Defence_Search,56964,4165,592.27,1612,263147.48
STM_Defence_Search,53140,7244,154.35,1927,139249.66
STM_Defence_Search,110031,15183,751.34,1864,134870.6
STM_Defence_Search,89511,3264,845.05,570,110709.42
BMC_Defence_Search,104361,4673,754.2,1043,110494.27
BMC_Defence_Search,113580,10951,1883.34,944,185625.61
BMC_Defence_Search,37237,1562,1194.73,271,10099.86
BMC_Defence_Search,81193,7219,743.72,1284,144982.65
BMC_Defence_Search,70033,1994,819.58,590,39007.83
BMC_Defence_Search,8817,993,83.25,275,44138.29
BMC_Defence_Search,100248,12175,1367.61,2983,333936.43
BMC_Defence_Search,90062,5509,1276.46,510,85044.19
BMC_Defence_Search,42363,4254,673.83,836,76890.89
BMC_Defence_Search,94384,4944,1144.47,392,43074.84
BMC_Defence_Search,52695,5648,1516.42,712,104626.86
BMC_Defence_Search,42446,3426,1132.04,0,0.0
FNSS_Defence_Search,30549,3621,1588.66,1242,191757.43
FNSS_Defence_Search,63946,7338,928.95,875,111232.68
FNSS_Defence_Search,107036,14864,1922.88,1390,215702.48
FNSS_Defence_Search,40196,4322,1354.6,1268,118793.55
FNSS_Defence_Search,110272,7796,1371.77,920,168587.19
FNSS_Defence_Search,22313,200,168.73,60,8768.52
FNSS_Defence_Search,103727,1293,954.4,199,33130.66
FNSS_Defence_Search,53328,4149,847.33,302,46704.61
FNSS_Defence_Search,3726,557,1521.85,197,39052.96
FNSS_Defence_Search,105029,7065,500.17,2121,250838.96
FNSS_Defence_Search,76060,4182,1841.54,248,28948.48
FNSS_Defence_Search,108043,7712,1361.75,2289,327638.17
TURKSAT_Search,101992,14705,929.74,4135,459318.88
TURKSAT_Search,74810,7405,1802.64,1944,224557.77
TURKSAT_Search,101536,4150,1692.54,567,99511.11
TURKSAT_Search,71327,8039,1283.36,1124,127659.19
TURKSAT_Search,96525,4781,530.23,687,62341.69
TURKSAT_Search,73798,1420,345.68,236,24255.3
TURKSAT_Search,23028,2993,490.79,849,91219.85
TURKSAT_Search,74121,7733,878.29,847,159447.18
TURKSAT_Search,54049,7512,1558.01,2848,96009.13
TURKSAT_Search,118429,12564,995.8,2881,249887.58
TURKSAT_Search,54116,7091,1791.95,1716,226961.43
TURKSAT_Search,99289,9047,1615.75,903,110855.53
Turkish_Airlines_Search,38774,3670,1012.43,796,74716.23
Turkish_Airlines_Search,92016,13176,856.29,1352,256469.09
Turkish_Airlines_Search,19728,2648,1105.52,806,114822.46
Turkish_Airlines_Search,89900,544,241.18,109,6080.34
Turkish_Airlines_Search,63515,3077,176.55,776,71544.88
Turkish_Airlines_Search,62598,5455,728.0,1552,128612.31
Turkish_Airlines_Search,112041,13913,564.36,670,79970.06
Turkish_Airlines_Search,101176,8937,180.0,1433,104038.97
Turkish_Airlines_Search,11993,1699,1917.99,41,7105.48
Turkish_Airlines_Search,35411,1733,1691.32,636,37493.88
Turkish_Airlines_Search,19544,2039,1365.36,577,121212.6
Turkish_Airlines_Search,63952,4298,1552.44,343,49776.03
Pegasus_Airlines_Search,101032,11869,299.9,1341,286031.21
Pegasus_Airlines_Search,17168,2470,129.3,319,44469.04
Pegasus_Airlines_Search,52192,3349,1887.62,406,18042.37
Pegasus_Airlines_Search,93520,13708,1284.31,834,135497.2
Pegasus_Airlines_Search,42529,5705,1232.79,495,89735.17
Pegasus_Airlines_Search,77177,772,746.63,219,34095.9
Pegasus_Airlines_Search,12038,1136,1323.28,6,1148.52
Pegasus_Airlines_Search,110784,16162,282.63,2967,447308.39
Pegasus_Airlines_Search,111620,15164,1438.03,3567,226383.3
Pegasus_Airlines_Search,71386,4525,1262.55,1102,195254.43
Pegasus_Airlines_Search,63931,7236,1665.41,2426,196494.24
Pegasus_Airlines_Search,114635,8144,1675.0,354,29380.71
Beko_Search,62087,4095,1520.91,1167,170338.85
Beko_Search,52674,2855,135.1,665,42925.47
Beko_Search,30802,3006,1611.84,697,57945.17
Beko_Search,81139,11588,1769.81,4553,145371.42
Beko_Search,28042,801,543.4,208,25548.6
Beko_Search,102374,4037,1405.97,1322,218460.58
Beko_Search,61743,382,258.66,56,5982.83
Beko_Search,34890,2608,1354.8,755,90539.22
Beko_Search,72588,5732,896.97,2254,209284.68
Beko_Search,95124,7534,600.16,1029,75942.49
Beko_Search,97540,3255,685.85,1097,231101.41
Beko_Search,93461,3133,447.76,991,81792.11
Arcelik_Search,80278,8695,1225.84,411,77349.95
Arcelik_Search,41829,1963,772.89,309,10100.65
Arcelik_Search,73010,2173,606.68,55,7432.6
Arcelik_Search,94411,2168,1304.71,770,94915.55
Arcelik_Search,117389,501,1182.2,120,14514.68
Arcelik_Search,47657,1610,1933.76,258,53870.94
Arcelik_Search,65616,1969,1658.46,410,50607.06
Arcelik_Search,78631,10412,1397.99,1242,72467.65
Arcelik_Search,76772,5078,243.55,508,26672.94
Arcelik_Search,103197,6918,1244.13,2533,184606.45
Arcelik_Search,71494,6332,944.99,1813,156819.23
Arcelik_Search,80139,7125,666.33,2543,105391.48
Vestel_Search,100004,1725,1899.37,212,31555.75
Vestel_Search,37687,5510,235.88,982,61890.13
Vestel_Search,12838,420,85.14,115,18512.76
Vestel_Search,64592,4871,142.67,590,96949.75
Vestel_Search,95141,14183,951.74,5631,418667.8
Vestel_Search,37675,5220,1212.4,810,89728.89
Vestel_Search,74376,3783,1323.46,544,101760.6
Vestel_Search,12359,222,398.57,39,5579.28
Vestel_Search,111034,9557,923.17,1919,308668.88
Vestel_Search,94715,6694,1889.94,2049,271690.22
Vestel_Search,60377,1417,1228.23,442,74946.16
Vestel_Search,82129,4202,129.66,468,99573.14
LC_Waikiki_Search,112570,779,1999.18,137,19109.71
LC_Waikiki_Search,103022,12490,416.37,4251,653747.7
LC_Waikiki_Search,39458,1586,1994.14,446,67171.66
LC_Waikiki_Search,67451,1594,982.42,418,39011.35
LC_Waikiki_Search,90835,1813,1726.85,337,36467.64
LC_Waikiki_Search,67942,4822,1352.16,820,151353.59
LC_Waikiki_Search,75102,701,953.27,161,12550.88
LC_Waikiki_Search,18194,1755,1740.63,1,154.96
LC_Waikiki_Search,74118,7669,873.44,768,98690.68
LC_Waikiki_Search,84609,12493,1037.11,3621,631495.89
LC_Waikiki_Search,29680,2287,1134.5,294,33293.17
LC_Waikiki_Search,94521,8041,313.14,2580,375868.89
Koton_Search,34365,1397,676.64,14,1888.99
Koton_Search,15217,1020,1985.13,58,6825.16
Koton_Search,18396,2753,1677.71,1020,211348.16
Koton_Search,41254,4268,1434.39,850,160307.92
Koton_Search,64894,4093,957.03,296,30452.88
Koton_Search,81561,8427,1512.88,559,108538.3
Koton_Search,39208,3499,732.56,1039,83912.56
Koton_Search,3336,244,1474.02,75,10513.91
Koton_Search,89499,8122,1741.3,1829,242032.14
Koton_Search,48236,2823,1139.68,1112,113056.94
Koton_Search,45176,1645,1963.09,244,33828.54
Koton_Search,33613,3465,163.8,968,158745.51
Migros_Search,109352,6346,821.27,623,77322.05
Migros_Search,7852,358,1044.4,84,16400.42
Migros_Search,117581,14527,271.45,3743,123204.75
Migros_Search,21894,1779,1752.19,158,6986.34
Migros_Search,105436,4442,730.04,1418,149629.96
Migros_Search,13527,1844,710.85,690,133359.76
Migros_Search,52808,7916,687.99,2943,584519.09
Migros_Search,66956,8964,148.93,280,20889.78
Migros_Search,92705,4808,1995.06,1529,72126.1
Migros_Search,15903,511,931.86,177,15381.04
Migros_Search,6794,147,702.8,3,257.22
Migros_Search,52131,3628,359.49,1087,117711.05
A101_Search,92364,13084,425.71,1434,64535.72
A101_Search,117142,12635,1269.84,1972,245625.97
A101_Search,79435,2444,525.8,653,51100.97
A101_Search,36466,176,1805.9,59,11872.56
A101_Search,91815,9055,383.31,1809,379156.94
A101_Search,80014,5001,1306.76,868,139886.5
A101_Search,62878,5049,462.5,787,151209.25
A101_Search,16979,1071,812.22,183,25476.21
A101_Search,94655,4937,122.12,1699,263453.17
A101_Search,38976,166,1166.58,6,1218.1
A101_Search,100671,8238,1679.05,1172,207902.0
A101_Search,33162,2986,500.49,389,57560.07
BIM_Search,91835,12479,1464.18,1120,167291.2
BIM_Search,85242,10689,155.69,3611,131221.07
BIM_Search,50823,6099,332.31,1208,111228.57
BIM_Search,57460,2977,465.53,1104,216966.37
BIM_Search,50953,4448,1043.45,558,104786.71
BIM_Search,36681,4047,1937.38,604,103795.15
BIM_Search,47396,6688,301.13,308,17477.1
BIM_Search,32571,3355,1937.16,1141,113526.37
BIM_Search,106636,6564,106.72,2197,117499.65
BIM_Search,51311,5611,1518.1,1073,151364.27
BIM_Search,110795,12272,288.02,1915,228996.86
BIM_Search,84205,9298,709.77,2498,180005.3
Apple_Search,11285,1401,1661.8,309,47386.85
Apple_Search,18292,672,167.07,19,1668.76
Apple_Search,67569,2002,266.61,550,30676.89
Apple_Search,62459,6178,1367.33,2212,242510.59
Apple_Search,100290,12004,376.68,3398,524770.68
Apple_Search,112273,16134,1262.05,2291,82971.07
Apple_Search,51566,1879,931.3,241,46401.06
Apple_Search,16022,1604,1125.37,367,15232.16
Apple_Search,39160,1654,1938.96,465,22049.35
Apple_Search,30801,274,177.11,42,3203.68
Apple_Search,19505,2412,473.99,849,148897.54
Apple_Search,30152,1869,1641.06,238,21997.46
Google_Search,22340,3330,1809.02,5,413.41
Google_Search,21964,632,1117.21,204,12883.51
Google_Search,89646,522,333.06,91,16388.83
Google_Search,34186,4923,701.64,356,28629.46
Google_Search,19614,1824,1090.08,65,7831.64
Google_Search,104976,6031,1065.42,446,51682.94
Google_Search,32038,455,1476.31,168,21684.72
Google_Search,63036,610,196.78,122,23300.38
Google_Search,58872,1868,1021.32,454,19959.31
Google_Search,13589,759,1247.93,33,1781.22
Google_Search,84830,10472,1203.9,2663,272616.2
Google_Search,81301,8792,646.2,2070,300214.36
Microsoft_Search,15999,568,1717.36,166,32662.85
Microsoft_Search,75264,3622,905.73,467,50727.68
Microsoft_Search,111451,14960,845.56,5976,287244.27
Microsoft_Search,58936,5220,1357.01,1533,323742.89
Microsoft_Search,93023,7870,208.9,349,16652.09
Microsoft_Search,15656,1626,1638.6,569,23554.54
Microsoft_Search,76608,9302,712.92,500,54026.82
Microsoft_Search,117505,13958,1746.74,421,90092.21
Microsoft_Search,81696,5219,755.16,2078,146333.54
Microsoft_Search,89079,8000,510.55,443,42759.09
Microsoft_Search,75910,6122,300.58,1141,158689.14
Microsoft_Search,108804,7130,1702.7,2546,373189.94
Amazon_Search,87239,9221,130.41,2694,505387.8
Amazon_Search,38054,337,426.4,79,16202.28
Amazon_Search,49009,150,428.3,9,1238.41
Amazon_Search,55531,1240,352.4,324,69544.64
Amazon_Search,15026,981,802.29,232,21986.69
Amazon_Search,51503,2652,1465.46,173,34225.46
Amazon_Search,23392,744,1528.52,25,3951.35
Amazon_Search,38665,3729,1350.92,994,144472.37
Amazon_Search,57287,4575,493.89,1049,54154.97
Amazon_Search,59349,1916,623.83,694,99030.68
Amazon_Search,72066,5153,167.2,1618,351178.28
Amazon_Search,10180,115,472.49,13,2285.35
Meta_Search,103160,4286,635.74,245,7709.83
Meta_Search,100912,7155,417.33,1557,204263.84
Meta_Search,33161,4198,1152.75,1368,250587.55
Meta_Search,12447,913,1734.59,21,2370.52
Meta_Search,63260,1375,1735.25,439,60997.27
Meta_Search,95995,10588,881.97,943,100859.64
Meta_Search,45568,1507,1618.54,471,88588.0
Meta_Search,50428,821,918.49,54,4116.43
Meta_Search,80184,6660,1086.01,1621,316742.81
Meta_Search,100754,5662,505.42,688,30624.31
Meta_Search,85998,1968,1098.76,198,40020.81
Meta_Search,48793,2976,1476.57,302,22617.11
Netflix_Search,22194,1148,458.76,308,18185.94
Netflix_Search,102503,10839,224.68,4047,478157.43
Netflix_Search,76889,9594,941.9,3785,747874.93
Netflix_Search,87278,10508,1974.14,2647,514065.68
Netflix_Search,85210,5279,369.84,279,33227.51
Netflix_Search,85756,5061,1608.95,1211,49254.64
Netflix_Search,69497,1315,675.98,462,17161.16
Netflix_Search,51331,6913,631.19,2640,512707.82
Netflix_Search,115105,3058,1260.82,1038,106967.63
Netflix_Search,79064,9181,1912.12,3026,605855.39
Netflix_Search,61947,3184,697.33,974,122003.03
Netflix_Search,11109,1022,278.72,175,37914.32
Spotify_Search,14053,1133,1320.56,20,1541.43
Spotify_Search,60377,7299,1086.21,2497,150223.96
Spotify_Search,51870,7619,623.16,1674,296546.27
Spotify_Search,91984,9895,180.54,2584,395321.04
Spotify_Search,11639,775,261.45,197,16545.62
Spotify_Search,97861,14052,1340.6,4937,967272.52
Spotify_Search,46694,767,1198.86,72,14701.09
Spotify_Search,43662,5474,1421.08,1605,87473.81
Spotify_Search,95908,1488,674.4,385,58621.53
Spotify_Search,46054,6761,325.36,2156,102962.07
Spotify_Search,90878,7037,1056.3,74,7318.12
Spotify_Search,26627,977,736.13,248,16487.29
Samsung_Search,21030,734,228.16,51,6449.51
Samsung_Search,73748,8726,152.48,1379,270993.67
Samsung_Search,84006,2247,1226.71,157,9549.83
Samsung_Search,111966,5524,1464.67,178,19235.24
Samsung_Search,91652,11889,536.06,3638,531195.77
Samsung_Search,101617,12364,1584.9,1916,251881.42
Samsung_Search,43562,6525,980.51,794,79312.49
Samsung_Search,77766,7318,966.43,1154,205231.48
Samsung_Search,68916,8741,883.83,663,122793.79
Samsung_Search,108022,10006,345.73,1024,40872.1
Samsung_Search,65991,6181,1144.72,420,69369.8
Samsung_Search,70621,2142,627.32,781,47218.75
Intel_Search,61893,8510,362.91,1791,84939.21
Intel_Search,32102,3795,1778.49,54,5876.84
Intel_Search,54964,4212,798.01,790,172978.26
Intel_Search,52140,1939,134.12,101,19133.79
Intel_Search,88191,5593,1599.45,563,20987.29
Intel_Search,111758,15581,1416.46,1136,197868.27
Intel_Search,64487,7449,1261.47,324,10889.88
Intel_Search,31266,1324,1133.7,433,22137.34
Intel_Search,40762,2046,658.21,48,3614.57
Intel_Search,86748,10304,957.66,908,171585.37
Intel_Search,68513,9876,1109.22,2588,331060.55
Intel_Search,34711,1276,639.24,0,0.0
Nvidia_Search,34531,4774,879.81,1360,213466.73
Nvidia_Search,71614,6008,209.94,2154,287290.98
Nvidia_Search,106076,8416,1143.97,1599,313296.82
Nvidia_Search,8706,892,1963.6,129,22186.73
Nvidia_Search,49805,6559,209.71,987,167058.43
Nvidia_Search,85346,1798,1561.28,340,18818.26
Nvidia_Search,49176,4572,730.01,1316,83259.29
Nvidia_Search,105123,11317,972.08,3920,588116.86
Nvidia_Search,109364,2309,201.15,794,166172.27
Nvidia_Search,7847,700,467.05,102,20226.62
Nvidia_Search,44365,2640,1069.54,969,75707.6
Nvidia_Search,101735,10698,446.92,2924,566689.68
Nike_Search,9265,779,604.58,188,21247.9
Nike_Search,55431,7304,1797.7,1583,149462.05
Nike_Search,27486,2132,1408.77,376,77312.74
Nike_Search,71062,4469,1618.2,1489,164765.2
Nike_Search,59440,3056,1127.31,657,32517.3
Nike_Search,45981,5514,647.63,1826,263853.55
Nike_Search,58851,2830,1404.35,719,82652.38
Nike_Search,98265,14354,1830.29,5036,1106150.42
Nike_Search,38986,5338,1961.65,234,10356.33
Nike_Search,86560,6755,777.56,655,138224.64
Nike_Search,21714,2588,1381.93,897,32840.79
Nike_Search,11812,583,1574.75,93,9189.2
Adidas_Search,77349,630,1241.78,173,19978.95
Adidas_Search,51623,3147,932.36,157,21830.09
Adidas_Search,72397,6112,844.23,1141,88343.31
Adidas_Search,17869,206,1492.5,63,8087.41
Adidas_Search,76619,2029,582.61,266,43562.07
Adidas_Search,31124,2439,1412.44,502,34153.01
Adidas_Search,20790,403,947.92,113,24801.22
Adidas_Search,109235,11272,1937.72,2618,410736.87
Adidas_Search,96000,1163,1135.99,148,29504.25
Adidas_Search,114589,5261,1446.67,713,128912.05
Adidas_Search,69683,3773,313.02,411,74182.41
Adidas_Search,34029,4147,130.47,1134,157322.89
Puma_Search,64263,9138,329.16,3621,167945.39
Puma_Search,43539,3361,1999.22,980,127284.53
Puma_Search,103815,6808,1660.81,302,16251.25
Puma_Search,44553,5362,222.4,1908,303793.11
Puma_Search,48156,1151,1765.68,399,53764.31
Puma_Search,80042,3081,1554.14,264,29620.13
Puma_Search,116798,1915,1676.27,530,31308.66
Puma_Search,24581,763,699.51,115,11010.6
Puma_Search,71012,4753,1704.19,513,34523.55
Puma_Search,75199,4596,320.33,620,90979.65
Puma_Search,15245,2158,1310.7,606,126596.63
Puma_Search,23210,801,1344.77,309,29091.65
CocaCola_Display,76874,774,1664.45,14,636.05
CocaCola_Display,87076,12732,1187.4,1726,303296.53
CocaCola_Display,57602,596,1036.23,160,21385.56
CocaCola_Display,87136,5049,1007.25,1648,302237.22
CocaCola_Display,56227,4973,950.8,1410,58350.7
CocaCola_Display,60619,6909,1009.76,835,79021.55
CocaCola_Display,21830,1380,1734.05,326,55256.33
CocaCola_Display,115823,11417,1952.72,1071,186917.72
CocaCola_Display,70499,9302,283.87,990,117443.49
CocaCola_Display,38058,3783,556.0,198,7843.77
CocaCola_Display,53351,7179,1261.52,1016,216316.88
CocaCola_Display,23932,3432,708.68,1183,197578.04
Pepsi_Display,27881,3225,385.94,1054,125104.4
Pepsi_Display,118222,10210,1034.95,368,77130.68
Pepsi_Display,69249,7591,1936.04,881,124075.97
Pepsi_Display,9377,203,620.2,76,15020.98
Pepsi_Display,88755,11118,983.53,4396,138710.1
Pepsi_Display,17089,1865,337.16,270,45421.16
Pepsi_Display,103120,6706,782.6,1640,65140.74
Pepsi_Display,76638,3289,776.05,591,25986.88
Pepsi_Display,69093,7478,1547.66,1145,213896.48
Pepsi_Display,84689,11247,1253.2,1054,226890.08
Pepsi_Display,54629,3157,1606.2,694,94375.71
Pepsi_Display,50920,6284,356.99,2467,312651.0
McDonalds_Display,68546,759,166.98,70,11590.77
McDonalds_Display,108377,7861,1077.12,610,88565.59
McDonalds_Display,70568,2390,709.69,627,56756.48
McDonalds_Display,54505,5150,1499.49,1225,174939.41
McDonalds_Display,69494,8451,1102.09,2902,397445.18
McDonalds_Display,65245,372,787.25,28,6053.06
McDonalds_Display,79507,5140,1609.77,109,15632.0
McDonalds_Display,37803,5470,1583.18,932,155705.53
McDonalds_Display,79483,7971,407.38,2576,430255.73
McDonalds_Display,104529,13881,809.97,1984,71420.82
McDonalds_Display,94818,1900,446.31,451,40410.31
McDonalds_Display,22848,1791,1405.76,420,52645.2
BurgerKing_Display,83147,7826,1755.81,3013,506805.88
BurgerKing_Display,95507,2362,1075.87,574,52669.9
BurgerKing_Display,89799,7937,1088.92,1285,272124.76
BurgerKing_Display,63249,8834,737.27,1451,229860.21
BurgerKing_Display,116725,8762,1251.35,787,166760.66
BurgerKing_Display,39569,4671,653.12,609,107502.57
BurgerKing_Display,95392,3496,1405.26,1001,90327.98
BurgerKing_Display,48718,4691,1872.7,1628,272065.23
BurgerKing_Display,40721,1098,1181.08,278,28395.45
BurgerKing_Display,54712,6804,742.66,599,51026.42
BurgerKing_Display,40700,5950,231.74,1811,280043.42
BurgerKing_Display,100955,7949,490.85,2206,179822.57
Starbucks_Display,76664,4550,343.56,1260,215169.3
Starbucks_Display,34363,2086,177.47,543,39572.54
Starbucks_Display,33518,530,272.38,84,13969.03
Starbucks_Display,16178,663,89.95,80,8584.99
Starbucks_Display,118428,15687,996.7,1633,283526.52
Starbucks_Display,40649,2731,628.0,121,24503.47
Starbucks_Display,14725,1051,1107.49,370,70878.42
Starbucks_Display,7888,458,882.34,45,9335.04
Starbucks_Display,7763,913,1592.88,95,19755.79
Starbucks_Display,117332,9585,1763.35,37,3207.7
Starbucks_Display,82007,1858,1862.63,343,28834.88
Starbucks_Display,87058,9001,1086.69,549,105244.04
Unilever_Display,64344,4570,450.2,230,21350.9
Unilever_Display,98829,7618,1324.71,2943,192406.93
Unilever_Display,99549,5623,1598.27,791,50105.13
Unilever_Display,115216,13387,1667.82,4221,389623.9
Unilever_Display,55538,1662,434.78,143,17262.43
Unilever_Display,35512,155,580.71,15,1723.2
Unilever_Display,37995,2800,659.74,23,1832.99
Unilever_Display,50127,5775,533.7,484,57317.72
Unilever_Display,23934,1760,1397.26,318,51247.34
Unilever_Display,86717,4933,785.68,452,32378.76
Unilever_Display,20507,2058,374.12,765,166677.6
Unilever_Display,51971,3506,1427.73,964,167636.32
Nestle_Display,108119,10980,1665.16,2027,322830.08
Nestle_Display,81094,1441,1088.97,540,88406.4
Nestle_Display,13237,1978,1163.2,63,11810.43
Nestle_Display,69255,3412,1179.59,306,18746.19
Nestle_Display,114999,17150,928.33,5572,384614.44
Nestle_Display,79434,8108,254.61,2090,239601.18
Nestle_Display,10292,1028,333.33,212,24759.84
Nestle_Display,10567,1244,967.77,413,36572.07
Nestle_Display,5853,505,568.56,0,0.0
Nestle_Display,78800,1296,166.96,352,57401.74
Nestle_Display,73931,1087,1874.4,35,7607.81
Nestle_Display,64875,619,631.21,46,8100.82
Tesla_Search,103378,10610,1958.4,3443,348251.1
Tesla_Search,119828,12633,941.19,3092,313444.24
Tesla_Search,92486,10942,1759.14,1089,167892.74
Tesla_Search,48582,1071,422.67,275,28787.31
Tesla_Search,19691,1012,1682.86,387,13281.73
Tesla_Search,42107,3892,1373.12,1115,123301.52
Tesla_Search,52712,6844,520.96,1886,180622.88
Tesla_Search,39129,1644,1879.83,115,4153.95
Tesla_Search,89533,6968,1260.65,64,4846.5
Tesla_Search,11819,306,1220.37,57,8184.01
Tesla_Search,95181,897,549.89,22,2341.47
Tesla_Search,33715,4521,497.16,1768,313735.29
BMW_Search,21367,2163,1987.49,239,44214.85
BMW_Search,98881,9538,692.3,2449,432939.76
BMW_Search,110267,10607,534.86,1173,254871.97
BMW_Search,71321,3721,874.04,563,23410.64
BMW_Search,80550,2969,1281.91,874,118524.56
BMW_Search,9145,805,1887.85,195,34964.06
BMW_Search,44777,5804,879.34,611,53144.06
BMW_Search,27101,3190,1112.82,493,94347.77
BMW_Search,42418,5896,357.16,1896,386406.36
BMW_Search,76713,6861,1938.15,2282,298253.85
BMW_Search,53910,2089,569.59,338,51671.45
BMW_Search,61954,6179,257.53,780,31037.73
Mercedes_Search,52436,5618,1241.54,161,31554.05
Mercedes_Search,27662,3395,1542.46,1144,81490.71
Mercedes_Search,30379,2827,662.12,31,2177.55
Mercedes_Search,27906,4040,1503.63,1529,336255.66
Mercedes_Search,65773,4074,1415.6,1441,99223.65
Mercedes_Search,34369,4622,697.5,579,59246.6
Mercedes_Search,72946,10728,769.78,2142,210628.17
Mercedes_Search,118711,16394,974.73,5918,705444.42
Mercedes_Search,113065,10593,1835.51,3036,271585.94
Mercedes_Search,8992,1252,1739.04,379,21877.89
Mercedes_Search,37180,4632,1874.74,1186,197827.49
Mercedes_Search,41691,1348,456.69,235,24009.85
Audi_Search,112230,8152,1038.66,2681,561021.4
Audi_Search,47245,2208,1545.65,500,106818.29
Audi_Search,87108,12217,1021.94,1378,233194.43
Audi_Search,49160,1486,348.72,559,68634.08
Audi_Search,119570,17864,1981.42,481,62313.28
Audi_Search,112978,2535,1894.76,684,26824.93
Audi_Search,3836,311,343.98,80,5917.79
Audi_Search,95690,2574,97.55,933,94147.29
Audi_Search,83980,10548,1360.17,3958,614535.01
Audi_Search,5061,106,1101.85,26,838.54
Audi_Search,72391,4601,1108.62,587,19521.91
Audi_Search,109582,11533,1374.14,1468,73889.02
Volkswagen_Search,15624,2247,365.88,196,28960.64
Volkswagen_Search,36084,3003,593.26,812,36551.09
Volkswagen_Search,56218,7620,1164.8,2855,208166.27
Volkswagen_Search,92658,13666,1707.9,5355,1169629.43
Volkswagen_Search,88182,12545,140.83,3320,338839.75
Volkswagen_Search,75443,7898,187.74,38,6214.54
Volkswagen_Search,13837,1123,1703.03,330,59080.39
Volkswagen_Search,77167,1662,1798.0,43,3167.19
Volkswagen_Search,116785,15681,600.5,609,97465.25
Volkswagen_Search,39749,4548,1161.94,67,4293.18
Volkswagen_Search,114467,10405,110.06,1697,240188.05
Volkswagen_Search,101599,13546,1448.41,3262,673558.11
Toyota_Search,42226,1430,1162.8,398,63137.38
Toyota_Search,73852,5535,816.98,573,103251.53
Toyota_Search,93349,11964,230.58,2833,113893.18
Toyota_Search,60290,3903,1690.26,697,101052.5
Toyota_Search,83460,9858,841.67,3168,291492.63
Toyota_Search,86115,4578,1584.41,922,113603.91
Toyota_Search,49636,4630,1886.99,884,57716.53
Toyota_Search,79791,10924,809.74,2419,439364.14
Toyota_Search,96468,1304,237.51,157,16045.4
Toyota_Search,105746,10485,376.21,3191,287728.84
Toyota_Search,16965,474,89.97,78,8930.99
Toyota_Search,102791,4519,276.28,178,11677.59
Ford_Search,61830,9225,1145.1,1671,82924.47
Ford_Search,14746,1549,1144.1,611,87756.9
Ford_Search,45523,3255,103.69,847,87818.58
Ford_Search,14101,1584,1810.18,248,34390.78
Ford_Search,25227,2907,811.01,284,23030.87
Ford_Search,38180,4139,360.19,342,38505.26
Ford_Search,58194,5011,1009.72,157,15482.36
Ford_Search,35321,5220,1031.94,800,93594.97
Ford_Search,20758,1347,92.99,405,37714.11
Ford_Search,84289,6324,1623.83,1349,153303.54
Ford_Search,59441,2330,656.84,617,129559.51
Ford_Search,29326,4024,683.23,815,174457.1
Hyundai_Search,41200,6120,1414.32,2011,430102.6
Hyundai_Search,105494,4071,705.7,574,106266.89
Hyundai_Search,54502,3090,298.66,1154,78428.16
Hyundai_Search,74516,3047,1388.89,1126,39538.43
Hyundai_Search,98317,7663,1890.51,858,97216.93
Hyundai_Search,41185,5775,212.78,1675,264425.14
Hyundai_Search,21242,2694,661.44,517,80210.46
Hyundai_Search,96747,7032,1595.03,302,34827.45
Hyundai_Search,81372,7951,1197.91,2188,276249.01
Hyundai_Search,116984,13806,1123.8,2945,480949.47
Hyundai_Search,109469,8896,1220.13,348,17671.51
Hyundai_Search,35536,3008,399.37,90,12331.07
Renault_Search,87545,11199,1321.75,2716,579828.49
Renault_Search,59420,1835,100.25,264,19055.57
Renault_Search,100891,8599,1151.35,2816,392253.95
Renault_Search,61429,6229,830.98,2410,388451.24
Renault_Search,22758,1512,1995.59,494,24633.0
Renault_Search,57522,1506,302.85,145,13946.45
Renault_Search,47966,3830,1585.8,1067,129913.59
Renault_Search,65411,1699,921.28,463,41944.47
Renault_Search,42356,466,1635.56,29,994.44
Renault_Search,47967,5408,289.98,673,139099.18
Renault_Search,100057,4096,1070.71,1130,68281.14
Renault_Search,76380,7085,1920.25,949,172313.35
Honda_Search,85543,3122,437.86,885,93067.18
Honda_Search,99650,10161,1775.55,1841,262376.74
Honda_Search,53965,136,1433.09,13,1077.51
Honda_Search,95243,13350,1608.34,4729,233295.23
Honda_Search,117292,6226,782.32,807,94366.21
Honda_Search,37387,5594,1736.26,2161,461425.61
Honda_Search,44078,4990,826.19,803,113649.31
Honda_Search,48603,2983,1703.39,353,65167.42
Honda_Search,95535,13217,651.09,5033,715350.3
Honda_Search,91094,2294,681.32,244,21477.42
Honda_Search,26992,1629,1411.4,523,54291.6
Honda_Search,81174,2358,1183.63,433,28271.96
Visa_Search,86296,8904,1411.39,2642,546450.24
Visa_Search,25706,2372,400.38,295,16713.62
Visa_Search,44232,3794,1269.27,735,154974.73
Visa_Search,66518,2336,454.65,393,83759.12
Visa_Search,69248,8209,865.54,2014,219465.14
Visa_Search,113086,14644,1018.3,677,93037.12
Visa_Search,107317,12569,503.42,267,21953.29
Visa_Search,73465,4829,402.96,936,128675.28
Visa_Search,104259,12648,1031.0,4184,215518.21
Visa_Search,17969,1197,1568.22,421,91891.58
Visa_Search,74046,781,1539.21,225,30106.6
Visa_Search,58725,1777,1493.1,669,115573.53
Mastercard_Search,42021,364,943.49,89,17249.8
Mastercard_Search,14401,1898,1741.36,120,21284.4
Mastercard_Search,34056,1819,1636.55,602,96883.1
Mastercard_Search,115859,14130,398.68,1140,204198.36
Mastercard_Search,109630,3490,1626.45,1167,112796.32
Mastercard_Search,39842,4989,1114.44,662,142998.64
Mastercard_Search,41356,2470,1179.65,975,188197.62
Mastercard_Search,92037,13455,262.83,3371,689592.17
Mastercard_Search,39349,5473,323.63,543,42049.2
Mastercard_Search,96243,5377,1670.69,1608,197779.43
Mastercard_Search,78684,10461,595.94,3393,343652.34
Mastercard_Search,12898,1397,1605.63,95,10121.46
PayPal_Search,101278,4658,1413.83,1796,179821.85
PayPal_Search,66968,5462,1197.35,381,64342.16
PayPal_Search,63089,5969,1712.2,2189,231084.01
PayPal_Search,59314,3570,1029.85,661,123861.67
PayPal_Search,47270,4583,1189.63,1159,222481.98
PayPal_Search,106324,5731,1796.78,198,7668.37
PayPal_Search,85074,7629,111.26,647,73657.28
PayPal_Search,3088,319,468.45,33,6521.07
PayPal_Search,42566,1402,1758.89,280,13365.69
PayPal_Search,50242,2151,238.25,680,137170.99
PayPal_Search,24695,312,840.98,39,6549.57
PayPal_Search,101989,3936,904.12,186,30448.69
Stripe_Search,3142,209,995.47,16,2284.79
Stripe_Search,71084,7391,97.83,2849,271450.12
Stripe_Search,18806,1829,1412.54,489,21250.66
Stripe_Search,53209,831,1483.07,52,2579.63
Stripe_Search,51177,7317,654.57,1567,277292.39
Stripe_Search,101717,14427,335.64,5547,316967.13
Stripe_Search,72534,9328,96.27,2662,162866.87
Stripe_Search,49030,6018,489.07,620,126963.53
Stripe_Search,83750,11348,929.38,1779,82671.42
Stripe_Search,16168,673,1524.7,196,18971.19
Stripe_Search,59280,5252,1598.87,1014,83780.59
Stripe_Search,14042,608,1142.52,153,25554.69
GoldmanSachs_Search,40345,5756,131.5,1235,85257.84
GoldmanSachs_Search,82551,8448,442.2,1604,138189.4
GoldmanSachs_Search,10152,590,1030.18,28,2122.55
GoldmanSachs_Search,86634,9830,216.34,3640,785375.21
GoldmanSachs_Search,50329,2692,333.41,861,85607.82
GoldmanSachs_Search,92514,2930,1544.43,149,4942.48
GoldmanSachs_Search,11851,128,583.4,2,410.58
GoldmanSachs_Search,106453,6620,1052.69,2574,425738.38
GoldmanSachs_Search,103546,6906,893.26,1647,75204.14
GoldmanSachs_Search,73328,8908,1262.81,1136,52123.59
GoldmanSachs_Search,13357,1147,1848.18,413,24582.44
GoldmanSachs_Search,45827,3300,1205.96,1317,56053.98
JPMorgan_Search,94576,7267,1481.52,977,40059.08
JPMorgan_Search,14300,1993,914.21,464,67900.09
JPMorgan_Search,10212,733,1358.87,89,4689.78
JPMorgan_Search,95785,2348,1426.88,167,20761.18
JPMorgan_Search,48443,4384,1073.07,1684,281136.14
JPMorgan_Search,24884,1623,323.71,275,46545.9
JPMorgan_Search,18473,220,723.22,54,4410.52
JPMorgan_Search,11371,638,1447.66,39,4846.45
JPMorgan_Search,69949,6000,186.44,2321,143223.03
JPMorgan_Search,23618,1144,1564.79,457,63542.81
JPMorgan_Search,97736,1989,518.54,521,15884.26
JPMorgan_Search,115550,502,549.54,120,11898.66
HSBC_Search,22671,833,1867.83,18,2430.8
HSBC_Search,96588,12235,1338.95,1839,167610.84
HSBC_Search,57559,5341,600.82,319,44210.79
HSBC_Search,18650,2156,1372.79,53,3396.0
HSBC_Search,108426,8550,1964.31,1642,70763.67
HSBC_Search,63960,4725,1565.17,636,58631.04
HSBC_Search,75494,7583,95.3,821,70115.92
HSBC_Search,105826,5079,1499.99,496,58600.45
HSBC_Search,80554,8183,1995.75,3178,213339.97
HSBC_Search,74638,4116,369.09,839,28981.53
HSBC_Search,73981,5775,1301.01,39,8216.84
HSBC_Search,3191,436,802.45,78,3880.52
ING_Search,72443,4002,886.05,122,26203.92
ING_Search,21661,3014,617.26,89,18248.75
ING_Search,113821,13635,1425.63,3051,357293.53
ING_Search,101028,1491,1195.08,517,28625.07
ING_Search,110474,13022,223.67,4651,194568.74
ING_Search,89827,2241,534.6,267,51176.85
ING_Search,107964,6538,1425.39,1336,120815.77
ING_Search,38645,2013,223.4,207,11563.28
ING_Search,103944,9679,289.23,432,26451.9
ING_Search,64086,5245,860.5,1467,312882.64
ING_Search,30215,3802,671.95,542,104048.62
ING_Search,14851,745,1630.59,155,28987.09
BNPParibas_Search,94341,9984,157.43,3423,659779.56
BNPParibas_Search,22441,473,1445.42,91,9581.07
BNPParibas_Search,9416,712,579.52,89,3195.6
BNPParibas_Search,56004,7508,1147.43,2253,174544.41
BNPParibas_Search,63560,1769,1623.48,143,7589.88
BNPParibas_Search,11083,555,330.97,210,22283.21
BNPParibas_Search,92952,10426,1880.14,688,96761.37
BNPParibas_Search,36924,714,121.86,33,2229.89
BNPParibas_Search,87670,7365,1633.85,376,75938.77
BNPParibas_Search,111705,10964,315.25,3776,149609.51
BNPParibas_Search,78220,7196,1657.64,1617,200934.91
BNPParibas_Search,53165,5696,899.19,1449,102583.49
Revolut_Search,27530,1226,617.32,452,26324.47
Revolut_Search,83492,10244,1264.6,2417,301615.99
Revolut_Search,118707,15796,197.08,2291,235452.72
Revolut_Search,57949,3367,1313.89,1076,83215.77
Revolut_Search,108141,9007,1606.1,1566,279631.22
Revolut_Search,50069,4029,1125.47,992,94603.55
Revolut_Search,77141,8331,697.48,1107,71030.67
Revolut_Search,44795,4991,500.52,1834,337512.82
Revolut_Search,39822,579,1632.62,120,15671.06
Revolut_Search,103511,9668,1999.24,653,32013.67
Revolut_Search,89096,4051,591.73,1620,330932.47
Revolut_Search,10328,549,1185.33,204,21175.26
Uber_Search,112998,5792,418.11,1302,238500.29
Uber_Search,94439,5978,1834.84,115,18820.45
Uber_Search,49095,4750,1162.12,1153,242349.09
Uber_Search,112667,16229,1120.88,1438,177137.04
Uber_Search,14830,330,526.64,56,1892.03
Uber_Search,65650,111,716.93,39,2662.85
Uber_Search,20103,1495,1456.52,331,13675.47
Uber_Search,22360,2502,1433.02,145,25683.8
Uber_Search,113949,12056,1924.27,3060,501418.4
Uber_Search,89787,6581,1205.15,1378,120348.15
Uber_Search,20884,745,1486.12,223,40240.37
Uber_Search,66858,5298,414.47,1461,105798.42
Airbnb_Search,80194,2972,806.5,603,32680.3
Airbnb_Search,98529,129,1901.67,36,3758.55
Airbnb_Search,104034,9397,142.17,2467,223167.81
Airbnb_Search,109011,15952,1253.85,5239,720124.37
Airbnb_Search,68035,2404,715.84,79,5942.32
Airbnb_Search,44879,1475,1301.48,90,16750.42
Airbnb_Search,90821,10571,1480.23,2750,315864.14
Airbnb_Search,37761,1817,559.12,69,6664.81
Airbnb_Search,106156,1870,1463.19,49,5063.07
Airbnb_Search,99021,6975,1940.68,1695,209647.06
Airbnb_Search,52638,2977,1128.37,207,38806.98
Airbnb_Search,106380,14256,1189.87,5629,410132.98
Booking_Search,62151,1307,1614.45,34,2925.11
Booking_Search,44774,2239,1907.19,75,7120.77
Booking_Search,119382,12403,388.94,614,82238.42
Booking_Search,15203,1484,1220.54,494,80944.81
Booking_Search,59534,2803,1246.05,889,53206.4
Booking_Search,16272,1456,474.66,194,20906.06
Booking_Search,75628,8949,589.31,1153,99741.56
Booking_Search,15571,303,834.37,70,13270.06
Booking_Search,23131,323,772.79,109,5084.78
Booking_Search,110989,15839,463.38,210,14557.42
Booking_Search,86648,4881,1955.95,969,184416.32
Booking_Search,43416,3356,984.21,542,25645.28
Expedia_Search,74319,6449,434.97,1562,156491.03
Expedia_Search,61428,831,585.53,238,19050.98
Expedia_Search,112717,8900,1163.35,619,107040.38
Expedia_Search,90486,1684,244.56,352,64611.09
Expedia_Search,57262,3827,1142.92,792,146913.62
Expedia_Search,57870,7879,1179.61,965,116272.69
Expedia_Search,13348,908,1813.33,17,2131.79
Expedia_Search,70740,9463,1380.87,2540,147358.24
Expedia_Search,102246,7457,411.93,684,146862.55
Expedia_Search,108966,3257,322.28,867,38919.65
Expedia_Search,92538,7233,467.69,2569,149250.85
Expedia_Search,80994,4325,693.92,1489,303298.95
Trivago_Search,11783,278,825.15,50,6744.51
Trivago_Search,115279,9150,1077.8,3577,115712.81
Trivago_Search,94804,10308,1208.15,3437,176588.18
Trivago_Search,22613,707,1167.86,51,10492.55
Trivago_Search,76752,1754,1588.63,548,108079.74
Trivago_Search,118067,13564,587.14,5364,655808.6
Trivago_Search,82817,7850,151.93,1128,120205.38
Trivago_Search,84034,10072,1387.16,1645,61471.48
Trivago_Search,119598,10962,1405.79,403,69192.06
Trivago_Search,38203,3151,118.85,620,55229.83
Trivago_Search,113473,16209,1727.81,5610,272989.92
Trivago_Search,116888,7569,338.02,1814,321197.49
Skyscanner_Search,45056,2307,1479.29,619,94493.7
Skyscanner_Search,27633,1909,485.87,416,71044.28
Skyscanner_Search,102548,8562,1745.0,3362,136763.15
Skyscanner_Search,106742,2704,205.98,1037,110588.97
Skyscanner_Search,105303,14047,1086.63,4658,165359.7
Skyscanner_Search,28265,1744,1687.0,255,9252.29
Skyscanner_Search,9626,838,1432.9,140,13998.16
Skyscanner_Search,63846,8375,842.13,507,80827.53
Skyscanner_Search,34711,3151,1018.47,913,58195.44
Skyscanner_Search,117095,15651,1206.81,2865,273341.95
Skyscanner_Search,112792,8575,1518.01,2821,133079.17
Skyscanner_Search,6597,495,175.33,146,26012.49
TripAdvisor_Search,31091,1913,1322.97,693,48010.27
TripAdvisor_Search,88404,6809,1065.5,36,4322.82
TripAdvisor_Search,20342,2751,412.55,17,1232.78
TripAdvisor_Search,82736,5104,1448.46,1452,220879.2
TripAdvisor_Search,58549,6268,1715.05,1880,146413.94
TripAdvisor_Search,64171,5050,1380.22,1688,250642.95
TripAdvisor_Search,79609,1776,94.11,678,144842.66
TripAdvisor_Search,113019,12362,1158.0,4864,708779.74
TripAdvisor_Search,42121,5706,287.56,261,24506.31
TripAdvisor_Search,39239,5347,704.26,1134,90286.71
TripAdvisor_Search,96204,10773,653.68,1228,157534.94
TripAdvisor_Search,34496,565,1626.43,205,37700.63
Bolt_Search,55965,5336,1387.05,104,16070.72
Bolt_Search,41745,2225,1821.27,414,42961.71
Bolt_Search,7629,488,738.88,182,13149.32
Bolt_Search,73075,10558,1587.0,2936,371080.52
Bolt_Search,113810,5670,1694.03,741,63591.86
Bolt_Search,64706,2196,1502.56,742,136220.32
Bolt_Search,102997,15052,431.49,5568,1118735.48
Bolt_Search,88778,1563,506.73,228,39079.17
Bolt_Search,43250,3544,1593.13,678,68220.13
Bolt_Search,79751,4917,970.42,241,28775.87
Bolt_Search,116559,2433,986.66,199,24893.05
Bolt_Search,116704,12606,1097.29,3384,136279.68
Lyft_Search,114966,5040,343.74,410,38993.98
Lyft_Search,77632,7596,354.99,2931,188368.88
Lyft_Search,13592,1098,718.65,90,8059.38
Lyft_Search,10603,109,947.94,13,2270.15
Lyft_Search,25099,2460,1547.81,501,89774.23
Lyft_Search,105203,1542,328.46,444,66761.01
Lyft_Search,55873,7129,1933.43,1570,48492.8
Lyft_Search,72963,3367,1482.87,28,5585.47
Lyft_Search,102201,13751,1099.58,146,23152.99
Lyft_Search,85141,12119,557.74,2820,251819.03
Lyft_Search,16462,1671,1046.41,313,19322.69
Lyft_Search,110982,1598,652.55,297,34637.92
BlaBlaCar_Search,71195,9870,1086.31,1776,352917.96
BlaBlaCar_Search,20536,1503,1992.59,501,49227.09
BlaBlaCar_Search,27697,775,1900.32,206,6928.54
BlaBlaCar_Search,32402,1174,485.49,11,1562.46
BlaBlaCar_Search,25149,604,783.86,166,29963.69
BlaBlaCar_Search,52177,7280,1309.42,2190,324986.38
BlaBlaCar_Search,80846,885,1350.98,334,63080.18
BlaBlaCar_Search,9322,337,880.21,97,5187.86
BlaBlaCar_Search,36126,3986,1427.59,420,68076.32
BlaBlaCar_Search,85616,252,658.14,84,4131.64
BlaBlaCar_Search,71197,4523,1275.77,1435,80447.63
BlaBlaCar_Search,111875,3537,1062.24,1265,66247.5
